pc1,pc2,active
-1.034430139327202,-3.5299839476767527,0.0
-1.2315664688506374,-2.995509395588166,0.0
-1.3873044963515324,-3.193258979268041,0.0
-0.3057948140130436,-4.4976404398990235,0.0
-1.8344519630153495,1.1607468260709954,0.0
-2.189349906485323,-3.251865361520062,0.0
-2.21318342527353,-0.19759985726532142,0.0
-2.304682352761587,-0.19778789435582503,0.0
-0.6777332585982198,-4.035543311291717,0.0
-2.548999337402177,-0.44469933455273475,0.0
-0.9467303407036934,-4.009096895683832,0.0
-2.2019266417476975,-3.3769043810200645,0.0
-3.068051646862945,-2.628643180445911,0.0
-2.889407064527378,-3.8129621236925435,0.0
-2.760335240529331,-3.317423871993372,0.0
-3.24822707602755,-3.6272355733441386,0.0
-3.1652557742201046,-4.5666219325043995,0.0
-3.7331022099409146,-1.718994841063002,0.0
-2.669315555515897,-0.7581559288885488,0.0
-3.592021399504574,-2.7087101655842942,0.0
-2.764534825944304,-3.64228806162742,0.0
-2.50620529466236,-3.447412874671123,0.0
-1.137098625706229,-5.117586280153537,0.0
-1.8671566443595409,-3.8221854349171935,0.0
-1.8263664507157071,-3.885539938021269,0.0
-2.1648360767688715,-2.670370622646088,0.0
-2.3916249928433695,-2.8957534751606193,0.0
-1.1345319333236064,-5.160770130749771,0.0
-3.5104944373922717,-1.0934528141407618,0.0
-2.4360332818911608,-5.162429912883568,0.0
-1.2478343017954179,-5.501025647921772,0.0
-2.878124690237361,-4.2218767563039075,0.0
-1.0088360922761437,-5.99417028311552,0.0
-3.0634329371693196,-1.6165545616854011,0.0
-3.2392177238664455,1.742979013919847,0.0
-3.1459100675494702,-3.578524640656496,0.0
-1.9867507551568797,-3.530484208363028,0.0
-2.6859356383759763,-1.4613224652907864,0.0
-3.0429534179295215,-3.702059032560448,0.0
-2.655998990416258,0.7880170300203689,0.0
-2.4080379364458446,-2.0424205184308755,0.0
-2.710372271589351,0.2045815445521736,0.0
0.12092219758043626,-3.8576279383042134,0.0
4.557400406992519,-0.9370568420834045,0.0
-2.6113224397297805,0.26305070884263276,0.0
-2.5218079122501758,0.42033260343718326,0.0
-2.6189755425457824,0.35464593043049303,0.0
-1.4128761969195258,0.10847624282012693,0.0
-4.245909527216078,3.856226667307925,0.0
-4.235091839914168,4.464684640855932,0.0
-4.267705295661409,4.315829890848636,0.0
-4.32506906765887,3.856454675288925,0.0
4.6025392461033245,-1.5291247368376175,1.0
0.6034491053968565,-4.238369994053144,1.0
-4.618625621757274,4.296357556938621,0.0
-4.315932471136644,3.505441692284244,0.0
13.076480466711642,-1.7560238197109372,0.0
21.54535287083604,7.2004498400851675,1.0
19.73045961837429,8.372998704848055,1.0
21.26261122828392,8.212681006727685,1.0
13.400029168448508,-1.4763039794944568,1.0
25.04515018935928,9.424858456679013,1.0
12.71504237142954,1.1581673208896988,1.0
-2.5086970276033824,-0.1776543221201786,0.0
-2.9780168212900517,1.3245444614907722,0.0
-3.832084015220261,2.871860828619867,0.0
-4.203557365975328,3.7956687056018654,0.0
-4.771073993320153,3.696011835013324,0.0
-5.4264525632470315,5.165114296686525,0.0
-2.3954619610013097,-0.15503388031045737,0.0
-3.92688580260084,2.1663375339351645,0.0
-4.350691810272939,1.4860915624092956,0.0
-4.581162435610244,4.197915839828196,0.0
-4.337504687390445,3.231516737560807,0.0
-3.3848402225466248,-0.24893604115240361,0.0
-0.10104647996231993,-1.0555950922981565,0.0
-3.7353731046077545,1.6653361506357804,0.0
-4.70975494847262,3.9053702495846245,0.0
-5.203362275609313,5.088312351431249,0.0
-3.844419538948975,1.8861559041103853,0.0
-3.968643687728266,1.5143772454244746,0.0
-1.0502070773281604,-0.5478150560234942,0.0
-5.1533659055620475,4.223106913157551,0.0
-3.5979924917841988,3.806196686211247,0.0
-4.956803345514729,4.469942252005283,0.0
-5.488330740764438,4.5203143919843525,0.0
-5.320963367664648,4.799334456023816,0.0
-3.2840440404753384,0.32972448240134117,0.0
-4.55502553105501,2.401881083306745,0.0
-5.125067972225008,2.743229940185128,0.0
-5.285371651230747,4.519137605951017,0.0
-5.822188053293479,5.088912459913592,0.0
-4.734996294501907,4.171705441804662,0.0
-4.133241023616242,4.270448211506081,0.0
-3.6111167920839056,2.316615575064021,0.0
-3.80219810960262,3.9050125172007166,0.0
-2.9427915934027364,2.550268865307615,0.0
-4.057626376491328,3.2453535604689465,0.0
-2.022854449567033,2.2280366544698325,0.0
-4.094025904598617,1.2360148394493935,0.0
-4.689745288530565,1.4434516827639348,0.0
-5.290091282840687,4.6233652697880006,0.0
-4.417621889250343,2.2181648208833726,0.0
-4.9801065247572645,2.8297571614580015,0.0
-2.9052554780665063,5.270095047536103,0.0
-5.310147601635611,4.919021417226902,0.0
-4.966929782280416,3.4824746183230366,0.0
-3.2026219057356293,1.2064456439901705,0.0
0.25148402075488624,-1.2225332085428096,0.0
9.075458435237259,-2.9005328460337396,0.0
12.901305464891822,-0.042116298899069926,1.0
7.633451313014321,-5.819348412366772,1.0
-1.0762561278294351,-2.360161262305648,1.0
2.028866367124688,-3.658893145426035,0.0
0.5955851409247028,-4.949915789579343,0.0
14.692764964543718,-0.12393444492621547,0.0
22.04620467716325,5.6423012056029105,0.0
2.8724274838871233,-3.870092192439739,0.0
0.3321474662415505,-3.6932837765137445,0.0
-1.4548118767121283,-2.6369107503175626,0.0
-1.4174460244704579,-2.622757967487512,0.0
0.08568806241590828,-3.8173599294925493,0.0
-1.7185825246800313,-1.1160093483067233,0.0
-1.6127841345647225,-3.8485430247273023,0.0
-2.554506471883502,0.4403253840692634,0.0
0.39889179381600215,-4.393989541935332,0.0
0.7557788718725273,-0.13486452388899478,0.0
-1.9355626387439278,1.6090052857178907,0.0
1.926715563073603,-4.079686692820164,0.0
0.7746311778002059,-3.75720870965439,0.0
4.764971220765762,-2.601417237859799,0.0
0.2402640633889316,-0.3519573791725143,1.0
1.0146350987644157,-3.001691668657225,0.0
-0.700147496138202,-2.735616821927248,0.0
0.14482364751142182,-3.401666961703769,0.0
4.933189189189669,-6.857766427649518,1.0
8.448075548071818,-3.592212757786053,1.0
21.47552519413042,10.298963043613318,1.0
0.010037422406028526,-3.493769153738414,1.0
-2.4424791359271167,0.23245363784243067,1.0
23.229812634774206,9.38678233058429,1.0
13.294988467085377,-5.232740065204854,0.0
-0.348903826727562,-2.119444985434514,0.0
-0.17190488935683176,-4.790723469008652,0.0
-4.111551085425702,1.3894175598135634,0.0
-3.6106924733970898,2.0140671937395327,0.0
-3.219665798871991,0.5652674913752812,0.0
-5.6589797253828715,5.069925374312852,0.0
-5.473851395700496,2.2332067249186727,0.0
-5.851345730932816,5.3708057987119115,0.0
-5.476501556457688,4.416404764650572,0.0
-5.33943820596513,2.9917820133705755,0.0
-0.519083137517416,-4.750074276727237,0.0
-5.220621040391547,4.580941218920671,0.0
-4.844767266622251,3.4566588662412885,0.0
-5.2399627288841595,4.391725207709742,0.0
-5.354096156739942,5.1944019064695794,0.0
-4.70790994855578,3.5814511993818625,0.0
-5.07756477222038,4.385933452901955,0.0
-5.083109050611805,3.4411357932673106,0.0
-5.289200983307072,5.270023141096087,0.0
-4.899525874905,4.749483470753034,0.0
-4.940825258570891,3.6143805191450267,0.0
-5.45269263677669,4.97817237254627,0.0
-5.097725851509502,5.13980567291761,0.0
-4.8414440569339625,3.6811719404906116,0.0
-3.8958374269740923,1.9267147841630905,0.0
-4.983834413668364,4.82689102427062,0.0
-4.761241481959573,5.03154241218852,0.0
-4.707167035820216,4.509007705616995,0.0
-4.845407130579722,3.942097295710675,0.0
-4.509193291664486,3.172667109262704,0.0
-5.301410167625088,4.9444462360436345,0.0
-5.15286504114098,4.70921536192371,0.0
-4.833718736646815,4.463226530586404,0.0
-5.5988379841614995,5.0285484835290095,0.0
-5.233090626313117,4.916800123021331,0.0
-5.0891539881854815,5.181042140024209,0.0
-5.170959705974976,4.871363952762859,0.0
-5.0876629144405845,4.47514150742451,0.0
-5.2023603497548745,4.294347135142225,0.0
-5.151908945142238,3.0598967796330583,0.0
-5.262640946834217,4.602201725736175,0.0
-4.948165523474735,3.843059881358994,0.0
-2.8700334811135475,0.628504929293972,0.0
-4.2083995835557095,0.7229018094130454,0.0
-3.2880375430084254,0.8684654398563156,0.0
-3.8735031347069997,-0.16789347532293775,0.0
-4.770906656352744,4.290374121445976,0.0
-4.813340969173466,2.1057740084174776,0.0
-2.9879323314486586,2.2055419192708428,0.0
-4.418672153345644,3.125356568115596,0.0
-5.257530879603206,5.207141874770896,0.0
-5.000513407308956,4.6446117433169105,0.0
-2.6798663517523247,1.2741265508928414,0.0
-5.2335443805775235,4.10465628253052,0.0
-4.541680450580977,4.332482887880429,0.0
-5.240163268151842,3.031868759504496,0.0
-3.7563965895510623,2.6970361701534076,0.0
-4.361273922813211,1.01551480637217,0.0
-5.31914929565268,4.445767883373274,0.0
-3.198075191327154,0.13388278014834115,0.0
-4.47237873193082,2.2751446731185982,0.0
-4.543774258095014,1.7972117951234008,0.0
5.812303674053835,-5.150361967266407,1.0
11.107515591765202,0.4619604521496458,1.0
0.12971336536826664,-3.267120855936641,1.0
18.41891296935253,3.997145655757267,1.0
19.615686576336085,5.30085343625138,1.0
21.845384455387485,8.79909228458566,1.0
20.398068725799995,7.599506300532129,1.0
-3.8956602982013946,0.3093689538183033,0.0
-4.824860659842443,4.377977007671122,0.0
-4.657427858859047,2.4281348918175283,0.0
-5.33186879150757,4.596992002305173,0.0
-5.2402271867712,4.773912250580538,0.0
-4.843153307206788,4.629158225563181,0.0
-1.5615012849441692,-0.6383568100982491,0.0
-4.321174990515055,2.3995770083720394,0.0
-3.9160026696761014,3.492678293907113,0.0
-4.840378339835156,4.28416225612245,0.0
-3.639804842869618,-2.3995919631567246,0.0
-0.09010217492457953,-4.13801987766595,0.0
-3.749976819218685,1.8024901506132773,0.0
-4.269317205984963,1.2271260039597214,0.0
-3.0925637669868715,-0.3257986692456025,0.0
-4.719997700211817,4.072771145363171,0.0
-5.168982819810287,3.9353992393807995,0.0
-3.5100016890243317,1.4460964761737567,0.0
-3.5863217055739547,0.43108458961798624,0.0
3.567851969376132,-2.2061900278761795,0.0
-2.4049550558022617,-1.0660239243498932,0.0
-4.993733653564386,4.507792526610863,0.0
-4.170398436651796,1.1687621937493191,0.0
7.259443165719997,-3.669273725612074,0.0
-5.634308012729694,4.44871647124032,0.0
-4.984699768200775,2.620654610670614,0.0
-4.229132514162953,1.7712103381405713,0.0
-4.3311611819049896,3.0802875031211583,0.0
-5.107888986882617,4.211558528361769,0.0
-3.3653106169655143,0.8022363780716285,0.0
-2.419507989250726,-1.2175199189260357,0.0
-4.418493198764141,1.73620799740828,0.0
-3.9765456601017606,1.5909278149098367,0.0
-2.795487976070527,0.7251398010852802,0.0
-4.344838086582227,3.3618421543733095,0.0
4.447962482199107,-4.396835037930754,0.0
-1.8914467872822327,-3.1472135364148044,1.0
15.782890543086376,5.300076988233203,1.0
22.11292716486349,8.468417398249894,1.0
20.4171758963806,6.335308324571285,1.0
18.6729082252837,7.67212266237149,1.0
9.313273548696012,0.6614107860671895,1.0
26.04908204505855,8.634484853545363,1.0
-3.8282975441305926,0.8788730296174947,1.0
0.26205153916165197,1.468482624041066,0.0
-4.396677705663164,3.3592242736423845,0.0
-4.583574296205039,2.5401637985613856,0.0
-4.279075546671172,3.2636684692445423,0.0
-4.4994783566578365,4.203242111792727,0.0
-4.7471724474275305,4.583647771078278,0.0
-0.2755780707240313,0.08000119080391542,0.0
-5.509186574104258,5.076318764940872,0.0
-5.3980731970459574,4.688250238933942,0.0
-5.428528659624489,4.515692641301631,0.0
-3.350728333676567,0.9221690398631045,0.0
-4.041821982988793,4.282048819428344,0.0
-5.215632791390754,4.621334460448119,0.0
-5.28498141215729,4.359291755281002,0.0
-5.592085161690497,4.665311895005816,0.0
-5.376110357976089,4.460491029223911,0.0
-5.523077422684514,5.122663508726055,0.0
-5.47535132314956,4.256245041941862,0.0
-3.982503628336463,1.57800780121804,0.0
-4.347013386992307,1.995129175270575,0.0
-5.0602750934508975,4.878660914785548,0.0
-5.249417947605125,4.702470713449711,0.0
-5.114004143589365,4.380556586207172,0.0
-5.220542564593148,4.759753691308378,0.0
-5.091698222348691,4.62754795804414,0.0
-3.3876440798873375,0.4888455279261774,0.0
-3.317854317999814,0.512778176469879,0.0
-4.310321284959693,1.4303398411828403,0.0
-5.467359533079545,4.60737010530598,0.0
-5.660340254627997,5.293879786092084,0.0
-5.0725365643862155,3.615601463688443,0.0
-4.976539370334274,4.579767055693571,0.0
-4.1627651750725185,1.658742759931851,0.0
-4.487621004085542,3.1619631966597623,0.0
-1.5327285183176083,-0.8598753325324874,0.0
-3.678583709096319,1.4013110597253207,0.0
-4.433915017900829,1.5763833996117833,0.0
-5.353101148956942,4.4497687015106075,0.0
-4.521816412260116,4.490194403762324,0.0
-4.473658895360661,4.333025040320184,0.0
-5.475817001615659,5.0907444095558025,0.0
-5.325261591465236,4.843434033276861,0.0
-5.389573585723106,4.427727586383178,0.0
-4.731543535589054,4.238630238724739,0.0
-5.237468647491646,4.964257121213652,0.0
-1.5736422035364062,0.4040723330256181,0.0
-5.468955265751403,5.23450524989317,0.0
-4.3474266347816855,2.1304805472598165,0.0
-4.760942597190111,2.5447317833602185,0.0
-4.313526244708475,3.3632164253906445,0.0
-4.688681759158001,2.677850055477995,0.0
-4.68754572651294,4.426180052212472,0.0
-5.135882611994051,3.849159260821644,0.0
-3.401770221994583,0.6654623060865719,0.0
-4.693280126339454,1.908415369962086,0.0
-5.45558125560582,4.530179119725544,0.0
-2.2811129730232795,1.5029709148065402,0.0
-4.7404440396710585,2.3653441287601704,0.0
-5.284453548280424,4.59614050332873,0.0
-5.531390805466261,4.453294543778108,0.0
-4.774339706231081,4.399590569837135,0.0
-2.4946754544999474,0.47239519152057363,0.0
-4.323735743541538,3.239846052107546,0.0
-3.480222384690832,3.0937797955162942,0.0
-3.787964141877296,2.488564971773768,0.0
-0.42266459584700394,-1.5770005293315494,0.0
-2.559545010881138,-1.2197557406360882,0.0
-4.284101861364605,1.9522909625160492,0.0
-3.583709795307506,1.3525322127237762,0.0
-3.685861452009182,-0.026032917671444427,0.0
-3.020301511552736,0.8033646896940778,0.0
6.1929880162861455,-0.5288455881885149,0.0
20.088950907722936,7.69752563714998,1.0
4.221806730847737,-7.426808713288195,1.0
4.619823449304191,-6.322024844028988,0.0
3.4641527448719214,-7.083647739654422,0.0
-0.3109231475592872,-2.732363412187656,0.0
0.38166259077645875,-2.726815803747354,0.0
5.5139301054066125,-6.171839374319999,0.0
2.252154390405232,-6.257916601246432,0.0
0.6310256596916689,-6.937478064805673,0.0
1.77319285118375,-5.631257211863128,0.0
2.0797700855163477,-4.311102036157783,0.0
-1.926556977785927,-2.9712749172327766,0.0
1.1123961220514984,-7.047341544856176,0.0
1.4240456493261324,-5.48394994767896,0.0
0.5556201995988914,-4.978018737537434,0.0
-1.3973266687204078,-2.1107546697451043,0.0
0.8430658259706388,-1.9034989033014222,0.0
0.5854787077826303,-0.7941026335128433,0.0
0.1726328264922393,-0.7906612934092301,0.0
2.7390321839118967,-4.9554523505517585,0.0
0.6834600038810789,-2.0667545960933653,0.0
-0.8086878505503915,0.5059860645983135,0.0
0.4188931121522709,-1.8821266770465979,0.0
-0.0763729311703097,-2.671516845202543,0.0
4.165940515637813,-6.62508973008165,0.0
1.4529823830879138,-1.8163358032161305,0.0
0.03574917484562519,-1.7453184562824406,1.0
22.061738481148396,6.640506484021802,1.0
21.143075069600943,6.727617374981529,1.0
-3.6479189723976178,2.6667634182230113,0.0
-1.0746463818806196,-1.6038365611137038,0.0
1.8064751680201718,-2.057032304234944,0.0
-4.880037103997787,3.0315998190830493,0.0
-3.4956890681352504,2.716812483272323,0.0
-2.9351156365303974,1.6326003615705065,0.0
-1.3780501155143154,0.7914253035536299,0.0
-2.1751146043342553,-0.17726526200584228,0.0
-2.6820039469179187,-1.4572476213577845,0.0
-2.8482088819295344,1.3692760186605721,0.0
-2.033138099431936,0.6430395360119119,0.0
-0.2366758166833568,-2.553274612640742,0.0
-4.213672441888241,2.1001063448807726,0.0
-2.022404282377724,-2.5481521867371235,0.0
-0.9195386604093173,-1.1367720070190726,0.0
-3.0733605765240486,0.5482150764769145,0.0
-2.827753330366308,-0.6143110805589069,0.0
-0.8519051566357311,-2.9853034389641144,0.0
4.564552424284426,-1.586460567607734,0.0
-5.041033015848752,4.21867601531667,0.0
-4.491489400978178,3.72128559362189,0.0
-5.0323485913767305,3.9058069347973845,0.0
-4.702913104562086,2.9136827054666754,0.0
-4.3225991678268985,2.5699608785028003,0.0
-4.760148255059088,4.586575418868285,0.0
-3.555333076720156,-0.18511078323864985,0.0
-2.59727963026162,-0.9933121499335759,0.0
-1.9228038594768913,-2.072640968381072,0.0
-2.620336733460984,-1.4724873673688155,1.0
-2.4064275674319004,-4.505374694987753,0.0
1.87640053018735,-5.572215843650962,0.0
0.6338355293610174,-6.9046491224299595,0.0
-1.5419413406948315,-4.110696366323935,0.0
13.096148289077233,-2.2468441170586853,0.0
-0.5281645085000842,-6.650009478368204,0.0
-2.944323013674401,-5.485723358322086,0.0
11.297009095577161,1.0699998126540249,0.0
-3.244053303643443,1.110853813580096,0.0
-3.569433539937827,-1.1382309563778452,0.0
-1.4656574032473935,-3.580916507930454,0.0
-3.9565603200505204,-1.6069529612617572,0.0
3.777390176125334,-6.116253207346735,0.0
2.6270003697349145,-2.547759993126753,0.0
-4.3134925910720385,4.3493655393557065,0.0
-4.839586568185553,2.3823115684429093,0.0
-5.330865866908255,3.2576609676288184,0.0
-5.564388065532182,5.100636546305851,0.0
13.560926594923673,1.9852233174310212,0.0
-4.6344025580040675,3.9426045403663537,0.0
-5.554743585940939,4.90753226778912,0.0
-5.031854505600976,4.8560979275959575,0.0
-4.06798144510363,3.914075170741146,0.0
-3.7584098366409493,3.186035782951232,0.0
0.23079186557453668,-5.948838124550678,0.0
-0.761047711922185,-0.1504654138860765,0.0
-0.40867380195430864,-4.762283511728456,0.0
11.202967570993536,-2.7072418481697236,0.0
19.59370151489477,4.708223409961545,0.0
-2.9837056714513883,-2.84641597388817,0.0
-2.2195411326785326,-3.354310864889176,0.0
-2.3620631334203064,-4.6995694763372615,0.0
-2.306562518340989,-3.961796108879835,0.0
-1.4890635779426262,-5.801063582405884,0.0
-2.6678586719102593,-3.2173310144504756,0.0
-1.3605039158604415,-4.932230489993572,0.0
-2.22900384128952,-4.6260408381140214,0.0
-2.4991342937384933,-4.2761653392074965,0.0
-1.8509254779559918,-4.978003535324818,0.0
-2.017706191260654,-3.143343279205309,0.0
-2.9903707912833433,-3.4851183550886162,0.0
0.4595258179743019,-3.437097129456069,0.0
-1.2361127433469035,-5.260895859110107,0.0
5.16647172010781,-4.396865686213333,0.0
-5.371440249707323,3.53041918679296,0.0
-4.327397238990628,2.9295908764168583,0.0
-2.8963847859998304,-0.7046615429597095,0.0
-2.9852232918371793,0.8208593054745765,0.0
-3.5179046818074577,1.0923155464930066,0.0
-4.878479780465058,3.652821545605833,0.0
-4.964847532967591,4.729033205995785,0.0
-5.236912023351654,4.812969965767389,0.0
-6.071668823608324,5.582208347734826,0.0
-4.286869317537446,2.7558165746562895,0.0
-3.0560108109815283,0.8352600317398023,0.0
-4.821896298223072,3.0746979443010973,0.0
-1.8253564229926165,-1.7958656952160224,0.0
-4.916236506202539,4.625158800567556,0.0
-5.554248320246708,5.292063269191235,0.0
-5.197319861424884,4.39456368577663,0.0
-5.637128587392313,4.9784512312375035,0.0
-5.85628870958397,5.046493073961931,0.0
-5.626560273350303,5.007638211538811,0.0
-5.3713139953315485,4.968621412120711,0.0
-3.662364276657298,1.8727082422510468,0.0
-5.747022321484036,4.992683610832677,0.0
-5.953584630125695,5.1727087193060886,0.0
1.6221556840512998,-4.205623704798486,0.0
-0.2947439570992637,-1.7019828497064315,0.0
-5.322895481505232,5.211320638109341,0.0
-5.422831945601225,5.001696832640241,0.0
-5.887729326541247,5.686120380994562,0.0
-5.6500021125706095,5.068850484043831,0.0
-6.024024033600006,5.581672260494706,0.0
-5.375841614563411,4.198159596430842,0.0
-5.709078522257911,4.766744945679445,0.0
-5.544683331223094,4.554180626276304,0.0
-6.013166178054937,5.579958340855673,0.0
-5.549371062048557,4.347228144623936,0.0
-2.676365234647379,-0.1592149261054376,0.0
2.4116088124111816,-5.529527705578397,0.0
-5.046539642169025,1.8347856808842982,0.0
-6.174509632772804,5.560770438169046,0.0
-4.5498714665273,3.723080058607676,0.0
-4.62053008913199,2.6910779275566146,0.0
-3.119747941097622,1.3322552807181625,0.0
-3.5428208450369976,2.8132168446342227,0.0
-2.791102764425567,0.634575574676568,0.0
-3.7096692822017796,-0.2826067072300624,0.0
-4.7119881080411155,3.9874745901167032,0.0
-3.6250150289728182,1.1043350103104979,0.0
-4.981237954276783,2.7940257903909678,0.0
-4.788877212235981,2.7298160404201783,0.0
-5.080662463136329,2.706051474429003,0.0
-1.9656005953100362,-0.06773654267479082,0.0
11.766123382840913,-3.7889064284180622,1.0
23.229345173992954,9.020706805141574,1.0
19.58544495507117,7.379888026975095,1.0
0.9623095310293622,-6.305519784739087,1.0
-0.09278294390887085,-2.9952770813163725,0.0
1.9640715778469986,-4.799430564888594,0.0
0.010734008705268906,-3.3719456572731814,0.0
25.175986423864845,10.664204921742938,0.0
-2.5671874767994503,-0.7778564360325396,0.0
3.1116545953571446,0.8874400932736471,0.0
19.350080553182295,1.016331175933354,0.0
22.207203349484697,8.59883697417774,1.0
13.603934259228145,-0.5781566702200349,1.0
2.9543538403737344,-5.8149929577464725,1.0
22.56838720262601,8.269742455112423,1.0
1.4679111803641176,-3.3009064597870346,1.0
-0.06721376515839678,-5.63176114924499,0.0
0.930906800171799,-7.452400075470916,0.0
-0.4155089125567711,-5.4861301237747435,0.0
0.017389778573526554,-5.150217516208915,0.0
2.0927796561489678,-4.529688518521501,0.0
0.44488164314698064,-5.413574610243056,0.0
-1.1686067478325695,-4.420647016588645,0.0
4.004833805257527,-5.998798214312044,0.0
5.162421932675969,-6.193207013834883,0.0
4.674426708582391,-0.9914838722591076,0.0
16.903803125984005,1.4250007740218293,0.0
18.485803148409193,4.4913164008439335,1.0
23.183106607966042,6.320241189821691,1.0
20.55014483711255,7.5783875372479494,1.0
16.74374497602387,2.9645549923463848,1.0
3.0966496193500403,-3.9903312473256647,0.0
3.366592124730476,-6.878000432918382,0.0
0.03853640980271998,0.1868487497360996,0.0
3.458855539915395,-0.44537979071077377,0.0
-0.3847837714609847,-1.8381479139356371,0.0
1.0316380673995351,-1.500196039690216,0.0
4.391481792087169,-3.3804140980071837,0.0
2.108807663428158,-4.867104755809875,0.0
5.074516746058983,-4.737272127518523,0.0
4.795831306478864,-7.495054184804698,0.0
16.447489062741443,7.8941622811787,1.0
0.036615384829617306,-2.5817859260045792,0.0
0.7022266375865793,-4.60682547199124,0.0
0.42746059922085083,-3.943850899169745,0.0
-0.10876050898865118,-4.65768422556711,1.0
21.60862641657932,7.368243710501283,1.0
9.859145559564755,-1.7620079558161101,1.0
7.002422463929536,-2.657781393294192,0.0
0.20252501440385018,-1.5503322545541933,0.0
-1.1559849992689106,-2.962304019042528,0.0
11.004561436034953,-6.756289829952398,1.0
-3.995329137581828,1.524602761897963,0.0
-3.9146217351506767,1.8826430416656654,0.0
-5.486356157263099,3.978233816393979,0.0
-6.0774514084581535,4.508639992181199,0.0
-4.7604128220904895,5.113112571905823,0.0
-5.577319483098548,4.52920725992934,0.0
-5.460072892754367,4.701200158495561,0.0
-5.029553520243288,1.792036123852634,0.0
-5.928613989738476,5.608935288729542,0.0
-4.1171783256495,1.2253647258023217,0.0
-5.541685953330978,4.625079539133281,0.0
-4.290468464101966,-0.8041434059232003,0.0
-3.5542206452221845,-2.4610544281487963,0.0
-4.957460014794075,1.9475692380201024,0.0
-3.6338143772941534,0.9457866314052683,0.0
-4.0206953013018945,2.1554035205476327,0.0
-6.21832610116514,5.304013876736525,0.0
-4.179692889967273,-0.5398581193093834,0.0
-5.968163520600125,5.608921203824559,0.0
-5.769616869829891,5.050443100793761,0.0
-4.745923699845474,2.591596748780888,0.0
-4.877646959116334,3.109237224388897,0.0
-3.6970591809184157,2.608690981556775,0.0
-3.670743765971056,1.2257667699468429,0.0
-5.848251573987302,5.136734803519647,0.0
-5.755826876965269,5.105067731220652,0.0
-5.851373044891314,5.2575548574204465,0.0
-4.217789082240509,2.554889697910709,0.0
-4.953108179474331,2.228566630715999,0.0
-4.52912001861251,1.4030375548611096,0.0
-2.142451544393241,-1.484435837206639,0.0
-4.938579831514414,2.3998165657124804,0.0
-4.740059529783605,2.578176040154669,0.0
-5.140699626559118,1.7043290941167444,0.0
-3.621709486646022,1.845383549356253,0.0
-5.483826626368152,5.413272914317737,0.0
-5.0243468145467896,3.736401057674151,0.0
-5.351285509090388,4.804925755462161,0.0
-3.771924191887801,1.1268527753373592,0.0
-4.7374329241787585,4.743122141248016,0.0
-3.67248602668831,1.7518921019914142,0.0
-0.24966882965076947,-0.6454263056685643,0.0
-1.6138603369870739,1.0626849590973222,0.0
-1.4535987872457763,-0.5178966379935949,0.0
-0.2473321833112262,-1.3263377591618966,0.0
-0.7463394388094807,-0.6356652043537652,0.0
-2.444624005246159,1.400659415021486,1.0
-3.188596770882117,2.5234816040674666,1.0
16.241941849112457,2.6653625945729407,1.0
21.81201979306164,4.540484968070947,1.0
0.2889187672694448,-6.4440466833245065,1.0
13.230793946475044,1.2259639939921017,1.0
0.7559027572259465,-3.6654722183556405,0.0
-4.297159154419514,4.595670455604223,0.0
-5.123082188116858,3.6729415483980663,0.0
-4.929116040008834,3.7878765255432567,0.0
-4.898173499505301,4.740953409989802,0.0
-3.122417609035762,1.9802475937215207,0.0
-3.271815520725423,1.992480325057291,0.0
-1.3425564131197003,-3.574943925424652,0.0
-3.6396696406286573,2.6739346444750542,0.0
-3.992866090307094,3.424534991910359,0.0
-3.330123346535439,1.0853553607836737,0.0
-3.163425730538924,1.1716320305663193,0.0
-0.48338445406072666,-1.121333704145904,0.0
-0.0419048400499234,-3.301826161925852,0.0
-0.37968478763289537,-4.53896274717738,0.0
0.17820735108649108,-5.41714909132734,0.0
2.2406364911750734,-3.421905415478518,0.0
0.021681596708709828,-3.8335927509653063,0.0
0.10370790307580476,-4.3085008109774305,0.0
0.11067911031592399,-3.815596985708866,0.0
2.006484761752046,-3.2905479870910663,0.0
0.7430653832839679,-4.126193909372801,0.0
2.4976117455309144,-4.033609001322617,0.0
0.6113126278049643,-3.392733526133911,0.0
0.10858314112187266,-4.665810364592126,0.0
18.65269150145535,3.454019095305978,1.0
-1.7673562637441564,-1.4560547404412194,0.0
-0.9489059471525639,-3.9996166695242192,0.0
-3.678451097935463,3.7797378524034992,0.0
-3.26564844275682,2.8991793682055134,0.0
-3.2518388773565117,2.198829232438588,0.0
-2.981216242756276,1.0809177784429493,0.0
-2.4072295773726906,-2.7966749247450173,0.0
-3.4657706688844927,3.079511313753088,0.0
-3.8757521748198394,3.4159739448893114,0.0
-3.532175058399223,3.8273853681231045,0.0
-3.8666979569993924,3.876061923193714,0.0
-3.249314859353024,0.393557561325918,0.0
-3.7018307740127985,4.091160363551618,0.0
-4.4884466718474645,1.9390460204201063,0.0
-1.4574378981834892,-1.2651494831135484,0.0
-4.702189690610871,2.7616443130250947,0.0
-1.6332503590836067,-1.200397919318409,0.0
-2.132402099097008,-1.9553296948268089,0.0
-5.026529221390505,3.614678095399828,0.0
-3.3331340449164615,0.36604996554634883,0.0
-3.666388193050083,-0.7443124561686886,0.0
-4.933339389253682,3.3771430455816565,0.0
-5.025937265302919,4.897609253606737,0.0
25.482713794188854,6.277386688124215,1.0
20.973823489655427,6.7025893518009525,1.0
9.036451205318912,0.48332983008567865,1.0
23.397383800222705,7.997345425799746,1.0
2.6939820095231215,-3.016120618547857,0.0
-0.7350561928425846,-2.750460768913664,0.0
-0.22235316064314886,-3.8252133235745145,0.0
0.5985732072075287,-3.9652991846048082,0.0
21.405734052652402,7.251708750359545,1.0
17.287051142084753,1.8859364251140585,1.0
5.806183584737371,-1.631698422881619,1.0
5.6302715142939155,-1.7491215418483652,1.0
0.3790994999404946,-3.186789907658706,1.0
18.684752138161702,6.5892047255167725,1.0
17.798162008794318,1.276413972640946,1.0
4.7594857530575725,-10.340881714043702,0.0
1.0118274333591528,-1.1150856385420502,0.0
3.834578366480429,-6.783036597898779,0.0
-3.4641298418032336,1.1453511635341174,0.0
-0.21686401438823932,-7.8234640946428895,0.0
-1.7061243436623315,-3.1366906440840707,0.0
2.2885786060709954,-3.698718436727361,0.0
-0.4576179778840345,-1.43616505942877,0.0
11.756945152241776,-6.341683064354782,0.0
-0.2387086198295388,-0.12007722623969158,0.0
1.7157510734161712,-5.474804644587328,0.0
6.366961993044536,-5.259627882490222,0.0
5.865285008447989,-6.09349300021993,0.0
1.4958436972113855,-6.737486571097205,0.0
-2.986209998619486,2.5250190629703706,0.0
0.42118351833346906,-9.220594398848265,0.0
-2.2216335823293174,-0.4457366949547489,0.0
8.308444613542735,-7.4596952073214275,0.0
2.098337523662257,-2.124998992898473,0.0
23.17960422840631,7.158368559550331,1.0
3.2222347514165333,-6.384616421725341,0.0
3.5397755824693102,-4.877483082898369,0.0
1.205058922941179,-6.614477982911574,0.0
1.311844777515629,-7.842472655120292,0.0
1.235457642676264,-6.226417994060143,0.0
4.150847553442672,-9.356806352067286,0.0
2.5700474378982765,-8.051135646643958,0.0
1.8713419684515005,-6.005765602260022,0.0
1.3176034340005796,-4.572651154626106,0.0
3.715644272802241,-8.508092021376555,0.0
1.718807552324775,-5.854883352777585,0.0
4.173524387816248,-2.6549513773043394,0.0
1.6564045255369773,-4.842288144454201,0.0
2.310991172466917,-9.825011002602382,0.0
9.275683441923418,-9.581993892813284,0.0
1.1973974490031483,-6.023795203450458,0.0
-0.06500555154448319,-6.174247752387956,0.0
2.858556085449152,-8.063073309317645,0.0
15.000119145021586,-3.2927136061719313,0.0
5.056020865479064,-8.346709915413655,0.0
-0.806842724752566,-5.043346091784419,0.0
1.1012119469563202,-5.506770752745062,0.0
-2.0569429323648434,-4.34083334076055,0.0
0.33648836555406514,-5.936509177038853,0.0
0.8106219778381314,-5.076673322202061,0.0
1.6338365357307418,-6.315701293138612,0.0
-0.519264244700415,-5.557362727363482,0.0
-0.9415359596957823,-5.546722572040345,0.0
0.7857846916892783,-6.857609187626221,0.0
-1.1772722065340195,-5.391586799232156,0.0
-1.7605391641267192,-4.706721233385917,0.0
-1.425441892823224,-3.9467244804393222,0.0
1.7583912646575972,-6.440275097621037,0.0
5.88095459156789,-2.5078537300102033,0.0
-0.9458321810772398,-5.585116405679166,0.0
-0.7047318488531319,-4.861827786524523,0.0
-0.411013554087311,-5.092052999818607,0.0
0.5858316412933661,-7.093638454995346,0.0
0.29130201847181963,-6.443092362707277,0.0
2.194719182118954,-5.788103951101465,0.0
2.1283634177041977,-6.097481911534206,0.0
-1.4805777851980975,-3.912547732967621,0.0
1.2794696203255898,-8.916476423589698,0.0
4.547872329924627,-6.882510870532584,0.0
0.37552960525675877,-6.8809906119735995,0.0
-0.5971702253271423,-5.562109391626072,0.0
1.0766606467955533,-7.6907901358842,0.0
-0.023056232077569603,-5.791927015375242,0.0
4.3499994343843476,-8.836847475372492,0.0
-0.5603487629543846,-5.711744795354621,0.0
-1.652565673360325,-4.097660577767573,0.0
3.561896083686733,-7.579745966801874,0.0
0.44781223423599126,-6.3833539573641715,0.0
9.853882952490109,-7.300116298884366,0.0
2.908083789372871,-7.183472489366502,0.0
6.855554976507069,-7.315213913511165,0.0
1.5662023239637184,-9.297772419841742,0.0
-1.3218355484451398,-3.488301237368611,0.0
-1.2006645613908575,-3.1780104113447463,0.0
0.8247880545857541,-6.052936065840337,0.0
-0.3212271244838096,-5.130977459505541,0.0
2.2695810758110566,-7.19764676661578,0.0
-0.6352025518905964,-6.033817942619239,0.0
-0.6538239208214714,-3.960402663897781,0.0
1.7626285166780113,-6.1493267799504885,0.0
-0.45540170374028865,-5.0022982166320284,0.0
-0.7231151418205995,-4.032772757771502,0.0
-0.5045187184211681,-4.689780864628676,0.0
-0.5250332563217708,-4.978367495887301,0.0
11.931211537834843,-4.1114730415832925,0.0
1.515764578169268,-4.211342616710601,0.0
-0.617575062450248,-3.5483598794947886,0.0
1.889740583626973,-8.400348503654243,0.0
3.2775323890991346,-8.529008472242307,0.0
0.9200433609496673,-9.73375752839443,0.0
2.084977676564832,-8.786385116834724,0.0
3.5804166724090263,-5.554784096206669,0.0
7.592562879516048,-0.8303739171220512,1.0
17.542442578879466,3.8087269638543795,1.0
18.84497354371388,2.802823225139951,1.0
19.07100680992193,4.7521210503145195,1.0
11.388517887108083,-6.662709867239257,1.0
18.248568880908213,2.1629013750093655,1.0
9.513484061255692,-7.859590409114611,0.0
1.5734720170217338,-8.413629966390484,0.0
2.2109049629383377,-6.7069963262767915,0.0
1.923021229110874,-4.742545220728864,0.0
1.5331132747717622,-7.948342474092082,0.0
19.658743385019502,3.5684963633633027,0.0
33.67825223641947,7.195547226348896,1.0
21.88921949340883,6.3637139247207335,1.0
20.39172682591276,3.383609955431698,1.0
5.03530267839977,-7.803769504226332,1.0
6.114091922401615,-6.624317415563905,1.0
12.386727940803699,-4.974967943075131,1.0
18.46823963590976,4.596903629742592,1.0
21.116036232380047,4.446060432122758,1.0
16.256917292746834,1.2909329847437565,1.0
6.565590807055673,-5.486859750780778,0.0
10.531558243557468,-4.452492307271102,0.0
-1.455937237699109,-4.8251483072064705,0.0
-1.01557319115583,-3.221600190390298,0.0
-1.6570939382295211,-5.01851470177223,0.0
3.814548615313107,-10.650855015919173,0.0
-0.7127742648112151,-7.280016282053888,0.0
-0.7036845494558258,-8.530839342764756,0.0
-1.0502907892655309,-5.366160827862979,0.0
2.540463244607402,-8.711746323065306,0.0
0.5452586236029284,-5.919754443814166,0.0
-1.356017546026776,-6.38199107935422,0.0
0.26691426236409316,-8.18425486641941,0.0
-0.5448082240511384,-6.805405065071717,0.0
3.1572427820859246,-9.609237305284669,0.0
0.5394822239542797,-9.319468042851705,0.0
9.309591766233748,-7.219037615121119,0.0
10.477389031022804,-3.893410555946707,1.0
9.328375049562519,-1.9504434255996828,1.0
2.638635228128665,-7.786280068972606,0.0
2.069367636779686,-6.591612734308182,0.0
1.5680357043146935,-6.857093998418201,0.0
14.38601548642857,-1.9315749090999699,1.0
3.6522686631150103,-5.769565272331549,0.0
1.7834502318443453,-7.34057546193433,0.0
1.6303923203025612,-6.609203603671953,1.0
19.479386954905895,0.9313688396327806,0.0
4.067211933075365,-9.063142876259437,0.0
16.928784736282452,-6.479883278719578,0.0
2.873417977385778,-7.452152665030287,0.0
6.2012745706023376,-7.0100422351989,0.0
6.917520971795926,-9.877498046250967,0.0
1.6178865902262543,-7.123989187063827,0.0
1.289340982372017,-5.924466305692389,0.0
1.0929836909369803,-5.286223150465584,0.0
3.401684940943233,-5.427352302444856,0.0
1.5371933616153985,-7.064558490845681,0.0
2.9698045762921548,-6.0629383351275195,0.0
1.9090378795185805,-5.616206166348075,0.0
0.7334911520157887,-6.119135931374906,0.0
4.223019293617671,-10.219971957993252,0.0
0.18573873590564757,-5.25531948656189,0.0
7.4697908572036145,-9.758506667051375,0.0
3.475478259941883,-3.579334775421497,0.0
7.606146889613658,-8.967166021152536,0.0
-2.880663612797053,-3.1182974218529185,0.0
0.9541563263559679,-4.136934557020417,0.0
1.7715302089086313,-6.944818535671207,0.0
-2.1698877190378734,-3.8146292120164804,0.0
2.463421035712363,-9.666752142644317,0.0
-1.5699480074851497,-4.178026719575126,0.0
0.9645290661947956,-4.818998577626854,0.0
-0.7812678408280892,-4.632134794668754,0.0
1.7922502556980033,-8.150298431174688,0.0
11.25511419965261,-5.781578886845849,0.0
-1.5682530228784013,-1.8304402945574916,0.0
3.0571894069787775,-5.30835726934623,0.0
-2.816243281134594,2.1682745557178085,0.0
-1.0187613032780816,0.278238342883966,0.0
13.431424956320408,4.912642451378084,1.0
17.430832641905177,7.4815783457242935,1.0
17.358890307805545,7.761132795066577,1.0
1.6911150317277623,-6.678533640625071,1.0
17.55683332304922,7.283144494383082,1.0
13.286539819244636,2.0631150471042607,1.0
0.23555773289909387,-8.459471821881493,1.0
-0.09154576459040421,-6.3029396041202155,1.0
2.9349864075644754,-4.9173138668587315,0.0
-0.5916427399859217,-1.0128938367502136,0.0
-0.5956151782431324,-0.29977040043957426,0.0
2.0254339801437764,-3.5183834923707726,0.0
-0.5409537309106306,-0.39496464379446206,0.0
-0.7550865287100345,-2.326778458812777,0.0
-0.83355652663588,-0.3499314497870866,0.0
0.04996130778844637,-6.786478473462923,0.0
1.442647259145285,-2.8419891968189903,0.0
17.493499979921026,6.333996697148698,1.0
17.05676147103815,6.043574600389454,1.0
17.00691133090286,5.938941291212289,1.0
17.25829512005408,5.855793081902048,1.0
15.905145906103337,5.241205046098906,1.0
-2.204207389094514,0.11381327611114929,0.0
-2.210067155885726,-0.48409459398643323,0.0
3.5360144512994682,-3.9030420165348083,0.0
0.9791687169455093,-0.03202394281033158,0.0
2.311232900290104,-1.9200469633874497,0.0
-1.1220867027492603,-3.0387331467331213,0.0
3.09664296493491,-4.886963259819641,0.0
0.5281387409433159,-4.289008311179119,0.0
6.869486884412555,-3.8511895648466234,0.0
-0.22184284239809596,-1.5681765593996786,0.0
19.958319411146213,7.160689939405248,1.0
20.27282369131273,4.625682246049865,1.0
21.892395040178187,7.940165943033576,1.0
21.071058450105255,6.431992175485532,1.0
3.6071316580141475,-9.336472120380655,1.0
0.9470119191303804,-5.9609459320581,1.0
3.7877253701733644,-3.2800759342339245,0.0
13.942933847753805,-6.322801803449602,0.0
1.1381089206966315,-6.883530079887542,0.0
2.067281419823025,-6.784306500960076,0.0
-1.2677336627899376,-2.394457747825255,0.0
0.3954964987199714,-5.5937258440775555,0.0
1.1605931969135574,-3.667777635809816,0.0
5.368198193110403,-0.5906727644246579,0.0
-2.3853716077075284,-1.9422538953691966,0.0
-1.4579088964339055,-2.245582590025442,0.0
-3.0615498213341272,2.178844531216877,0.0
-1.1017570296378953,-5.399965826469979,0.0
-3.820516552958319,-1.6005909169837178,0.0
-2.4654776895692563,-4.157422362728535,0.0
-3.7657366275917306,0.6835785387489594,0.0
-3.838223504845228,-3.416599742337147,0.0
-3.076797575482352,-0.6894395629804861,0.0
-4.192255260890348,1.4367204663126962,0.0
-4.002261731400107,2.147468820405362,0.0
-3.975830500930433,3.083274904237609,0.0
7.710007955999173,-4.486550476135736,0.0
-4.504747177058083,0.3747156650050596,0.0
-2.977181586536763,-2.4612506618235397,0.0
-4.85903833428239,3.129055652978268,0.0
-4.351321222866332,-0.7970720525826759,0.0
-4.988004575814903,2.742908096158254,0.0
-4.63743138396001,2.812232785467761,0.0
-4.728236627019006,3.2346908678226214,0.0
-4.197828700881542,1.8631732591349743,0.0
-4.31630210296052,2.444119651936679,0.0
-4.690642689472827,1.9525813196762603,0.0
-4.781102119309292,2.8148766674883268,0.0
-3.979954030082382,2.8515256609040502,0.0
-4.289620593681801,0.2526429535575888,0.0
-2.314871731493714,-3.9142286834693123,0.0
-3.623704962577908,-1.467096001354498,0.0
-3.463939057645904,-0.41195585687652797,0.0
-3.27314915109032,-3.3738265914992165,0.0
-2.1534347460733985,-4.496562736257174,0.0
-3.5207595827281466,-3.3130718504718613,0.0
-1.01419121352917,-4.666955254665371,0.0
-3.617450183236229,-0.4288093715825241,0.0
-3.400271143214042,-4.1463969961486296,0.0
-3.956088464443822,1.0117224919812076,0.0
-1.0649784158675029,-4.468438258690566,0.0
0.7737559634448259,-7.536492572334952,0.0
-4.18245542080193,-0.4989417128815901,0.0
-2.8244114947785435,-3.1879670305493297,0.0
-3.470183834405415,1.7304352715045528,0.0
-2.5766599463079713,1.4155964057860448,0.0
-3.288809383209292,1.0298325359571658,0.0
-3.969524558243068,0.45202396543375156,0.0
-3.6263261366661386,4.05366809550647,0.0
-3.5858256191505666,-0.3754259639878547,0.0
-4.734440199027836,2.6424851653849752,0.0
-4.313020464580713,3.9895542745772183,0.0
-4.325099427914965,1.3699678451268984,0.0
-4.096283199789472,1.1114770979827864,0.0
-3.468708646246133,1.5042393345911014,0.0
-2.9943814926404286,2.8504266684469908,0.0
-1.6402854224652597,-1.5907201504977007,0.0
-4.1216557825294124,2.192949968373723,0.0
-2.194836108892635,-2.409942771459402,0.0
-3.7390303592020198,-2.9943695964438795,0.0
-2.475600307163925,-2.8995223116162827,0.0
-2.576587691651823,-4.968917462434756,0.0
1.1012195401572933,-6.105926502334759,0.0
-3.662792318478307,1.15446405975044,0.0
-3.6859586561557287,2.2845470596695656,0.0
-2.2298661079099658,-3.1754433741574024,0.0
-1.4739836851790065,-8.086618731272617,0.0
-2.8396649439992054,-5.743583393142804,0.0
6.266985239578771,-2.5673790531238874,1.0
16.81176997927126,6.598380188948592,1.0
22.89853974910019,5.409178504965105,1.0
18.076686719659108,4.33145431541976,1.0
16.018903443747337,-6.33498134295321,1.0
0.7903810705434515,-5.054186993989348,0.0
16.103578955263938,5.707920189863613,0.0
9.77841703641535,-3.462214746702473,0.0
0.906777346681883,-3.5674257248635834,0.0
-2.8771417468786082,-0.9008215501313536,0.0
-1.4440471729700044,-4.90073531243564,0.0
-1.8483982834847996,-6.743992547240136,0.0
-2.719154212294811,-8.004524670368815,0.0
-2.4687569417460558,-4.941183480035572,0.0
-2.8690115548826967,-2.961986209747226,0.0
-2.6524412791479093,-4.114961825298956,0.0
-2.2571743057173808,-3.556100898104884,0.0
-2.788742926872781,-2.1500542789985344,0.0
-2.7317731726837837,-1.994190721006245,0.0
-2.8673976981861213,-1.7268879032048368,0.0
-2.5514264428368207,-1.4527423019897958,0.0
-3.0254029202682626,-1.287311628584425,0.0
-2.397669769366573,-2.8129097652618307,0.0
-2.365832912848081,-3.244176329313065,0.0
-2.1968475323641132,-5.942257455769373,0.0
-3.0140561029372184,1.1595112970601444,0.0
-2.492454095714212,-1.2786597088894844,0.0
-2.733538727626139,-2.0282798675721883,0.0
-2.5495831687163397,0.5672422020795226,0.0
-2.1368837761501016,-1.8052274892766171,0.0
-2.3264591479083765,-4.188891153834266,0.0
-3.0191409909880353,-0.9388555178984351,0.0
-2.856521447959161,1.7537973917307794,0.0
-2.7951130970461784,-2.8690411525670547,0.0
-2.490495419915749,-0.9032946559183004,0.0
-2.6429767563434194,-0.21944875531282076,0.0
-2.360750333099145,-0.3462219855159626,0.0
4.461097037293109,-1.742873120639486,0.0
-2.108140912875776,0.8577712337420577,0.0
-0.76314174251134,-0.06894359790623807,0.0
-1.9228525045193907,1.0129421440202862,0.0
-3.40823603464322,0.3134754066924652,0.0
-0.17881135447494811,-0.897866382685596,0.0
-0.17157824259566742,0.8779282701096106,0.0
-1.9512933168584783,-2.082167908091336,0.0
11.942114753555835,-6.159484829899509,0.0
23.434475455087025,10.115765012132682,1.0
-0.1898284603723891,-2.8824331729836987,0.0
0.8261136272426156,-1.2824784875131139,0.0
-0.8237866122649863,-5.497413934953157,1.0
18.35127983463114,6.476805816343622,1.0
15.627025903682448,-1.9555352003525948,1.0
-0.04355158440444056,-2.4866104369614335,0.0
-3.2985025859244956,3.7341394762097124,0.0
-4.927778034957925,4.560229554457908,0.0
-4.311591823830705,3.569712164267118,0.0
-5.0106018237732455,4.435628381371086,0.0
-4.398972407257517,2.5978986826901727,0.0
-4.6829420116370635,3.7754293207026337,0.0
-3.915694416576358,2.202902567627516,0.0
-3.3783078356204284,2.410244743017061,0.0
-2.2117666314388105,0.48823921881249116,0.0
-5.117157572437628,4.469807953780766,0.0
-4.6316278477646735,2.3987046788246493,0.0
2.711811344322714,-2.983731537645452,0.0
10.189254591076246,-2.8687946441089585,0.0
22.038851956409758,6.82395797934524,1.0
13.728648232712374,4.025715520426715,1.0
-1.158969134564075,-2.847552068732015,0.0
-3.0044805546205904,-2.5887088528868034,0.0
-3.312388922512976,-3.05705787630122,0.0
-3.1763484278119924,-3.2017061710445964,0.0
6.620578579120786,-8.790871237327485,0.0
-3.5440236488390093,-1.7954195758077747,0.0
-4.471042525391761,4.193475790217159,0.0
-4.962463317510181,5.105376248893147,0.0
0.5435424812399994,-2.699434461442121,0.0
-3.648707083392598,2.9063014003611287,0.0
-1.636372335243598,-1.0017262007719947,0.0
-5.730591224339494,5.031303580814182,0.0
-4.599199626563265,2.5354968914752485,0.0
0.6835085709431964,-0.5849920366591694,0.0
-4.50520154025635,3.277097631158264,0.0
-5.383149084453703,3.7993724663564237,0.0
-3.9545499037010723,0.5391978928414463,0.0
-3.367653004906277,2.22104152719633,0.0
-4.24641794512289,1.496580445076538,0.0
-5.0954308072329955,3.5020794441203407,0.0
0.4181413604204469,-3.5712614087487404,0.0
-4.959077458977537,3.038183142014505,0.0
-4.209563381072577,3.4072429504929898,0.0
-3.7907278770197834,1.6133311352063537,0.0
-5.242241542330075,3.2813209684877545,0.0
-3.4627260467383376,1.9982177418030338,0.0
-4.035671643895487,4.325607393990826,0.0
-2.1782164487819626,-2.9934062662521583,0.0
-0.33658463956770024,-6.009245372095068,0.0
-2.005333240083776,-3.2675431768052556,0.0
-4.7173455306415155,4.015575777844829,0.0
7.879180434521964,-2.5380547306443346,0.0
6.289168577187544,-0.6947635322133895,1.0
21.387122005550847,7.8858712459913205,1.0
20.368098126056303,7.4839307629720375,1.0
-0.8902893071101591,-3.101457254978074,1.0
-0.6744320256483449,-2.691777206700539,0.0
-1.303311774299891,-2.8879072185359815,0.0
17.598080126212928,6.828893969316599,1.0
24.651925630709425,6.83393168946925,1.0
18.16243655115892,-0.5711290787902282,0.0
-1.5609225528578006,-0.4594607178437124,0.0
-4.27283391701663,2.3508910042415594,0.0
-5.097553730382495,4.634286167438498,0.0
-5.948672538302827,4.993007463453145,0.0
-5.8159336395861665,3.9097239280688494,0.0
-5.191283882905625,4.3640932529832055,0.0
-5.498581122390537,4.555656009555993,0.0
-5.380498590264305,4.816184413956954,0.0
-5.826336155022889,4.898425473254105,0.0
-5.805649203670919,5.727564710467778,0.0
-5.409503741962082,4.296865449135768,0.0
-4.8105140251666825,4.00258627447679,0.0
-5.403036459084234,4.067764705175813,0.0
-3.694220852300348,2.1232840443377263,0.0
-4.401999645643296,3.3222020783010495,0.0
-3.1131646146883796,0.05083596419719689,0.0
-4.72319152948224,4.702702723060756,0.0
-5.0381242122340915,4.988585642996757,0.0
-5.178853638477617,4.73175070415243,0.0
-4.841158164889007,4.390382034418848,0.0
-5.477511110306302,5.5366705696331024,0.0
-4.1258155320549985,2.9688557090576695,0.0
-4.591442449530465,5.771192561065486,0.0
-4.6306349495702115,4.0988280238073544,0.0
-2.4469977421198252,-0.01441882008980181,0.0
-4.437634940298525,2.7831100132705004,0.0
-5.624821690679917,5.330135810978155,0.0
-4.886874299825085,4.402251213725564,0.0
-5.127310551410469,3.304277491405349,0.0
-5.777101167640453,5.361420051087479,0.0
-5.3886522655479,5.250163780449071,0.0
-4.425228424488351,3.6257732049321,0.0
-1.1165682600179638,-1.9093348304438944,0.0
-4.895655790228449,2.0496200126962267,0.0
-4.01471935472669,3.60163763956396,0.0
-4.542075717678027,2.958053510551301,0.0
-3.2826701098979396,2.861026303554041,0.0
-4.2137526824065965,3.4896506486143624,0.0
-4.251935506936668,2.257900979501122,0.0
-3.074809538500926,1.0704302243206185,0.0
-3.358546894212229,2.564243888124031,0.0
-4.538737023689847,4.022501807781931,0.0
-3.9504938139519723,3.864888032908013,0.0
-1.538006499374247,-1.2938968945387916,0.0
-4.672355999382152,3.5457564638167764,0.0
-4.35558814647437,3.5001492213125904,0.0
-5.824495260503345,3.9989688814418605,0.0
-5.784911497279752,5.591629586670328,0.0
-5.434583953185967,6.1332841128510065,0.0
-5.392755994625234,4.643905780829807,0.0
-0.16679206553746895,-2.310543078232651,0.0
-4.194060272738928,3.442349328003211,0.0
-4.536950513642317,4.868717338057804,0.0
-5.811011042961801,5.481902014486345,0.0
-4.032370369023689,2.5321120569486437,0.0
-3.8973751691284475,3.51204142674081,0.0
-3.8216645367118085,2.210067214098566,0.0
-4.600444209347421,3.166853705549373,0.0
-5.207398251662658,5.111162120897319,0.0
-4.143419322570479,3.6422576401809197,0.0
-5.2080436934495,5.168583104534141,0.0
-5.4819677946834515,4.864361007583421,0.0
-5.183642814675535,3.0123053881784982,0.0
-4.794082550662289,4.363797305236627,0.0
-4.684312463920166,3.0778623482170104,0.0
-4.369876547956595,3.9633931713789208,0.0
-5.1937951669148426,3.9795262953662442,0.0
-6.004467115535585,6.332400376792449,0.0
-4.702716564945902,3.3169893823322285,0.0
-1.1000075896818868,-2.1391266903321156,0.0
-4.013063756881357,2.6334498411014517,0.0
-5.47329833261887,5.931837650967037,0.0
-3.9885421911314567,3.0585641706321334,0.0
-5.304684986940206,5.468737271771709,0.0
-5.376079721295171,5.7131451009041525,0.0
-5.540732673183252,5.219245619363669,0.0
-6.084604099250281,5.4690669589809815,0.0
-5.931558976971195,5.498905470586432,0.0
-5.976974212451252,5.412748718600269,0.0
-5.930731714880547,5.567520183542274,0.0
-5.913019822347678,5.31334873551972,0.0
-6.317715191593188,5.695503660203063,0.0
-5.8613058146450046,5.424473160720019,0.0
-6.0096840579657185,5.6265972064019945,0.0
-6.197552937000353,6.278672019514524,0.0
-5.462749807444355,5.846141265419292,0.0
-4.372056568688396,2.487485113719663,0.0
-5.126075773946311,4.263224616047193,0.0
-4.973242499461093,4.566491304988362,0.0
-5.007596783195297,3.4987988291597274,0.0
-5.519319520730783,5.683319158162217,0.0
-5.533246207752318,4.526189180505605,0.0
-5.412579760632706,4.731457070527184,0.0
-5.896123149675743,6.255942803805502,0.0
-6.41026371871129,6.125902902895987,0.0
-6.186410013235925,6.153927494394832,0.0
-6.367059743755047,5.832541653996735,0.0
-4.755508191755989,4.0722368632350365,0.0
25.012328672769343,8.78817152694368,1.0
17.23309142975192,5.132708720706835,1.0
4.531350484923397,-2.741387336853391,0.0
4.094090814223758,-4.462249386480675,0.0
-0.5897652507931641,-2.586452126505308,0.0
22.05222981180131,7.3501270265890115,0.0
3.426844648869768,-0.8776892393947184,0.0
-1.7722029815645017,-1.3712304750125772,0.0
6.805068425563832,-9.276082365841583,0.0
-1.7929838354595629,1.5462996194316565,0.0
-1.304455604385034,-2.463362118194995,0.0
2.612989955489462,-2.379346029045043,0.0
0.6483037690648686,-1.9500505630736489,0.0
3.7867912699409105,-0.8831041091571915,0.0
5.464353700258551,-2.028538996000467,0.0
-0.5083126356768508,-1.1104411281398014,0.0
2.6311032942774975,-5.213174939397005,0.0
2.672208624529467,-4.40189247250762,0.0
-1.4421227524401243,-3.8636109164198826,0.0
-2.126104487492579,1.8094551881578378,0.0
1.4996626667218025,-1.3189272764168316,0.0
-0.5666915426905603,1.2108619215381415,0.0
3.214840877359848,-5.034057280979815,0.0
2.4118116333838655,-3.8028034563565147,0.0
21.880637484456386,3.076141125027227,1.0
-0.5922340802337112,-2.609918572914266,1.0
-0.9144586151939311,-1.1931626523229044,0.0
5.742338796584864,-1.5925615784177942,0.0
-0.30417393485426836,-0.29600049433861797,0.0
1.1552287772202656,-2.358580949505003,0.0
0.3482910744830984,-1.9683196284879378,0.0
-1.2973054003559161,-2.2170358207941687,0.0
0.4140950145974688,-4.745149684888743,0.0
10.038890765829056,1.6938386445211453,0.0
15.20716943032156,7.703110345767268,1.0
-0.9331838296322972,-2.8166420547924367,1.0
0.6572166888931136,-4.322814456909226,0.0
-2.266328690329508,-2.9578300292395863,0.0
-2.2871546075537004,-1.984672861741395,0.0
-0.8506170289245967,-3.116089290431655,0.0
-2.3764896189584412,-1.5176793704821456,0.0
-2.4151631464979384,-1.4605672332924138,0.0
-2.44448733207748,-0.8426070066375531,0.0
-1.966669890656776,-0.4836619753671606,0.0
-1.846203424455839,-1.958579376200373,0.0
-1.993647699210724,-2.104018683214578,0.0
-2.2605504782178314,-1.0576871507504688,0.0
-2.0661773258945253,-2.1322434345303076,0.0
-2.4241715600263567,-1.6808053336249462,0.0
-2.1795757568409173,-1.3455890581873706,0.0
-2.0800552657794786,-2.5563928843260624,0.0
-2.384582032577842,-1.1567777957585204,0.0
-2.308356619595715,-2.0429699607858063,0.0
-2.4370136192311214,-0.10335473243610012,0.0
0.498381056984338,-1.7136120916396689,0.0
-2.3753094846227985,-1.5191204688171887,0.0
-2.632809378748569,-1.6618403289583827,0.0
-2.397047524622817,-0.47795111198645535,0.0
-2.0159486149380395,-0.9823415746664018,0.0
-2.1751778330376976,-1.0949985058412728,0.0
-2.2472151660402724,-0.14503520313570734,0.0
-2.196780137250393,-0.7408676177896936,0.0
-2.3868989751241982,-0.8527816858450078,0.0
0.08223089566719954,-3.1755130767455286,0.0
-2.291305220838534,-1.3273801714093059,0.0
-2.6421569050570413,-1.3249331001706106,0.0
-2.47745900592427,0.04075214887617788,0.0
-2.5304463158603867,0.7403160986453465,0.0
7.52754632554732,-1.9566993452280725,0.0
-1.799811363884288,-2.8828835535200428,0.0
-1.472158906178016,-5.090212141328569,0.0
-2.651758788227366,-0.6429114845298215,0.0
-4.074087758516465,2.5050201933676064,0.0
-3.837369531084539,1.493547976299054,0.0
-3.5233626823649784,0.711823308082229,0.0
-3.671330402113321,1.3276211647451654,0.0
-3.4448804884695763,0.08987799643363113,0.0
-3.6627761174780087,0.9152872284158896,0.0
-3.2990373578569625,0.2250663723335172,0.0
-3.144627207865795,-0.7289986947249202,0.0
-3.928272621768806,2.099078526082875,0.0
-2.5807237615120995,-1.3624964657661027,0.0
-2.9939750014886606,-0.054674122088499595,0.0
-3.6238565152179736,1.094052219702694,0.0
-3.4469232790681352,0.2623012667837592,0.0
-3.4511464670424576,0.11763171661246569,0.0
-4.0581706338612005,2.2644844262282575,0.0
-3.5710497220394393,1.7161955948912317,0.0
-3.905117342500102,2.4226960592791236,0.0
-3.8762600339016453,1.012373978643477,0.0
-3.771370230497079,2.4480377978156715,0.0
-3.8009272320353356,1.4268215785849188,0.0
-3.5346870841032825,1.1789920820071482,0.0
-1.1919686661419455,-5.695455918810062,0.0
-3.3696602404006026,-2.240906603015536,0.0
-3.714753775625477,0.8116122130298717,0.0
-3.8644366174465454,1.4627119056900313,0.0
-3.4394420101611556,0.6917056076702931,0.0
-3.985110032630454,1.8264872344527703,0.0
-4.055994467766236,2.268086790041432,0.0
-3.9472921535638568,1.9667206231909995,0.0
-2.768177423660416,-0.6775701022680773,0.0
-3.699586174080754,1.9727624697016704,0.0
-4.21801809365673,2.792670305162927,0.0
-3.917810439083296,1.6390828733288052,0.0
-3.8718369285280323,1.4636335037326478,0.0
-3.2658263951881614,-0.5473766560750117,0.0
-1.3162398651430118,-2.482632982125886,0.0
-3.8329071025258368,1.442948944424748,0.0
-3.8347114855634667,1.405320259468582,0.0
-3.8031944273703866,1.092206712211951,0.0
-4.148644843088643,3.2548023212633757,0.0
-3.5037407517805863,0.5291845735493571,0.0
-3.0906925864491597,-0.7516313966493224,0.0
-3.977314938849148,2.130356896930608,0.0
-3.1626769028881094,0.5211994930002958,0.0
-3.1562774106261933,0.545059589696106,0.0
-3.5362740586311494,0.9678253722274214,0.0
-3.238824000027419,0.6123862952497585,0.0
-3.8026088640421145,1.6864460209917176,0.0
-3.773933867148955,1.0099638091460055,0.0
-3.0811990258684876,0.5418951310975803,0.0
-3.1492427711115525,-0.18147211448483444,0.0
-3.3695598361018133,1.304323596663292,0.0
-3.2988463919951716,0.5680665946560373,0.0
-3.7168964879999202,2.2036643465598824,0.0
-3.8138834550883534,2.2268792699467608,0.0
-4.198285513062995,2.2891671100720314,0.0
-3.6349119961188947,1.1433191699063108,0.0
-2.9474427341421117,0.4217827503186135,0.0
-3.922611933280128,1.4170839593345896,0.0
-4.098552011338839,3.0465670104127147,0.0
-3.3220675972648364,0.10891311555816902,0.0
-0.08005259589944787,-2.4003840978042423,0.0
-3.4666725362458117,0.8270011485134234,0.0
-3.908372274230041,3.971151319479474,0.0
-3.6769726339481643,3.0818905016295948,0.0
-3.4999154698899293,1.8597078666062854,0.0
-4.033275799790282,4.353113091091683,0.0
-4.018761245276055,4.106168008925243,0.0
14.998516337540288,5.343330500997278,1.0
14.612607179906714,7.672781578999559,1.0
16.302604525804,7.973379155656488,1.0
13.626837596432653,6.200973570093182,1.0
14.657634566597258,7.0077500494053995,1.0
16.168083573751943,8.51595519746343,1.0
5.877719445295862,-4.40785966791917,0.0
-4.222620946831935,2.177248165248566,0.0
-4.064288200673352,3.1059737350771983,0.0
-3.94620072366757,2.351321652954353,0.0
-3.971840926372259,4.060307813445395,0.0
-2.3735901474160217,-0.22683978780909303,0.0
-4.7532572896381,3.6584687635725586,0.0
-4.258679760407409,1.1718560867954195,0.0
-1.3482878660338606,-0.6985958665854439,0.0
-2.247443743354718,-0.7983985663079594,0.0
-4.6158445123787875,3.717449861029268,0.0
-2.9860416448229294,2.171535960751972,0.0
-4.871129930931586,4.243539812634979,0.0
-2.0812161587887563,0.7470633697990573,0.0
0.773789964750975,-3.26326621844454,0.0
18.333646349054007,6.747332460102421,1.0
17.181217426969436,5.234143125529643,1.0
10.988440058752168,-1.656233877041901,1.0
0.06200465792526642,-2.0275743329479665,0.0
-0.1677440227210674,-2.4714790015591346,0.0
20.748615259994793,8.882643408638582,1.0
5.306897277046068,-3.424558069758382,0.0
-0.3972591418289243,-2.605385595824256,0.0
-1.3078642927076816,-2.3287464864807728,0.0
-2.458112777137756,-1.6403325081576816,0.0
-0.03342713744026733,-3.089896991110702,0.0
0.5602834732434574,-3.3236309987943637,0.0
-2.8875225675423204,-1.2684191300394763,0.0
5.279270403669637,-4.9600920267963025,0.0
4.575287699865427,-7.376421235802318,0.0
7.734336873307709,-6.488727998051245,0.0
-2.130666600230782,-1.7533120303380774,0.0
-2.1572197488988105,-1.9733802402624125,0.0
-2.3508021867567175,-0.08347399960027872,0.0
-0.3112655363482164,-3.9514647819562474,0.0
-1.0007087326194668,-7.481494748685327,0.0
-1.9880326323852788,-2.478693439978095,0.0
2.8792696414996115,-4.8764256782567985,0.0
13.217580037992885,4.783547459913216,1.0
16.446641298504435,7.743670346983051,1.0
0.5414550559694105,-2.5557905676007926,0.0
0.4494592197402084,-1.4052030109301132,0.0
4.120079063051246,-1.436935572105837,0.0
1.2412856421833307,-1.956809062856476,0.0
12.102497840188862,3.4786730443642404,1.0
15.572600358204355,5.147784607693401,1.0
